Workbook

Sheet Hyprop and Ksat
A1: order | B1: Label ID | C1: Ring ID | D1: Ring weight (g) | E1: Saturated soil + ring (excess soil removed from top and bottom) weight (g) | F1: Hyprop adaptor # | G1: Hyprop adaptor weight (g) | H1: Ring + adaptor weight (g) | I1: starting wieght (g) of ring + adaptor + saturated soil | J1: WP4C tray number | K1: Tray Tare wieght (g) | L1: Moist soil + tray (g) | M1: Dry soil +tray (g) | N1: WP4C pressure (Mpa) | O1: Temp (c) | P1: WP4C gravimetric water content (g/g) | Q1: WP4C tray number | R1: Tray Tare wieght (g) | S1: Moist soil + tray (g) | T1: Dry soil +tray (g) | U1: WP4C pressure (Mpa) | V1: Temp (c) | W1: WP4C gravimetric water content (g/g) | X1: WP4C tray number | Y1: Tray Tare wieght (g) | Z1: Moist soil + tray (g) | AA1: Dry soil +tray (g) | AB1: WP4C pressure (Mpa) | AC1: Temp (c) | AD1: WP4C gravimetric water content (g/g) | AE1: Ave gravimetric water content post hyprop run (g/g) | AF1: total OD soil from wp4c (g) | AG1: Post hyprop run moist soil out of ring (minus wp4c) weight (g) | AH1: post hyprop soil dry corrected and wp4c soil added (g) | AI1: bulk density (g/cm3) | AJ1: Notes:
A2: 1 | B2: DLG_F4_BD_B-3 | C2: 1305 | D2: 93.3 | E2: 255.13 | F2: 1 | G2: 197.78 | H2: =D2+G2 -> 291.08 | I2: =E2+G2 -> 452.91 | J2: 14 | K2: 23.5371 | L2: 26.5872 | M2: 26.4506 | N2: -43.38 | O2: 24.9 | P2: =(L2-M2)/(M2-K2) -> 0.04688519 | Q2: 16 | R2: 24.5371 | S2: 28.6588 | T2: 28.2756 | U2: -2.93 | V2: 24.9 | W2: =(S2-T2)/(T2-R2) -> 0.102501 | X2: 17 | Y2: 23.4926 | Z2: 26.7485 | AA2: 26.4576 | AB2: -4.7 | AC2: 24.9 | AD2: =(Z2-AA2)/(AA2-Y2) -> 0.098111298 | AE2: =AVERAGE(P2,W2,AD2) -> 0.082499164 | AF2: =M2-K2+T2-R2+AA2-Y2 -> 9.617 | AG2: 114.76 | AH2: =((1-AE2)*AG2)+AF2 -> 114.9094 | AI2: =AH2/99 -> 1.160701
A3: 2 | B3: DLG_R2_BD_B-1 | C3: 1481 | D3: 93.4 | E3: 254.56 | F3: 2 | G3: 196.3 | H3: =D3+G3 -> 289.7 | I3: =E3+G3 -> 450.86 | J3: 3 | K3: 24.4961 | L3: 27.8255 | M3: 27.6047 | N3: -26.45 | O3: 24.9 | P3: =(L3-M3)/(M3-K3) -> 0.071028759 | Q3: 26 | R3: 24.7138 | S3: 30.1736 | T3: 29.4007 | U3: -3.42 | V3: 24.9 | W3: =(S3-T3)/(T3-R3) -> 0.16490644 | X3: 30 | Y3: 24.795 | Z3: 29.2235 | AA3: 28.5956 | AB3: -3.28 | AC3: 24.9 | AD3: =(Z3-AA3)/(AA3-Y3) -> 0.16521076 | AE3: =AVERAGE(P3,W3,AD3) -> 0.13371532 | AF3: =M3-K3+T3-R3+AA3-Y3 -> 11.5961 | AG3: 117.29 | AH3: =((1-AE3)*AG3)+AF3 -> 113.20263 | AI3: =AH3/99 -> 1.1434609
A4: 3 | B4: DLG_F1_BD_A-2 | C4: 1396 | D4: 93.8 | E4: 222.61 | F4: 3 | G4: 194.82 | H4: =D4+G4 -> 288.62 | I4: =E4+G4 -> 417.43 | J4: 7 | K4: 24.7071 | L4: 26.6077 | M4: 26.404 | N4: -31.89 | O4: 24.8 | P4: =(L4-M4)/(M4-K4) -> 0.12004243 | Q4: 8 | R4: 24.7253 | S4: 28.2935 | T4: 27.4701 | U4: -1.55 | V4: 24.9 | W4: =(S4-T4)/(T4-R4) -> 0.29998543 | X4: 9 | Y4: 24.5374 | Z4: 29.1099 | AA4: 28.0437 | AB4: -0.97 | AC4: 24.8 | AD4: =(Z4-AA4)/(AA4-Y4) -> 0.30408123 | AE4: =AVERAGE(P4,W4,AD4) -> 0.24136969 | AF4: =M4-K4+T4-R4+AA4-Y4 -> 7.948 | AG4: 85.53 | AH4: =((1-AE4)*AG4)+AF4 -> 72.83365 | AI4: =AH4/99 -> 0.73569343 | AJ4: top was hydrophobic
A5: 4 | B5: DLG_F1_BD_A-3 | C5: 1299 | D5: 93.7 | E5: 229.29 | F5: 4 | G5: 195.66 | H5: =D5+G5 -> 289.36 | I5: =E5+G5 -> 424.95 | J5: 20 | K5: 22.6846 | L5: 24.1452 | M5: 23.9739 | N5: -29.73 | O5: 24.9 | P5: =(L5-M5)/(M5-K5) -> 0.13286279 | Q5: 21 | R5: 24.2227 | S5: 26.8471 | T5: 26.2449 | U5: -1.82 | V5: 24.9 | W5: =(S5-T5)/(T5-R5) -> 0.29779448 | X5: 22 | Y5: 24.5735 | Z5: 28.3648 | AA5: 27.5271 | AB5: -1.22 | AC5: 24.8 | AD5: =(Z5-AA5)/(AA5-Y5) -> 0.28361999 | AE5: =AVERAGE(P5,W5,AD5) -> 0.23809242 | AF5: =M5-K5+T5-R5+AA5-Y5 -> 6.2651 | AG5: 90.28 | AH5: =((1-AE5)*AG5)+AF5 -> 75.050116 | AI5: =AH5/99 -> 0.75808198
A6: 5 | B6: DLG_F3_BD_A-1 | C6: 596 | D6: 96.41 | E6: 229.78 | F6: 5 | G6: 193.86 | H6: =D6+G6 -> 290.27 | I6: =E6+G6 -> 423.64 | J6: 10 | K6: 24.6027 | L6: 27.252 | M6: 26.9827 | N6: -18.37 | O6: 24.9 | P6: =(L6-M6)/(M6-K6) -> 0.11315126 | Q6: 11 | R6: 24.6877 | S6: 26.2727 | T6: 26.0517 | U6: -5.43 | V6: 24.8 | W6: =(S6-T6)/(T6-R6) -> 0.16202346 | X6: 12 | Y6: 24.5672 | Z6: 26.5119 | AA6: 26.254 | AB6: -6.09 | AC6: 24.8 | AD6: =(Z6-AA6)/(AA6-Y6) -> 0.15289305 | AE6: =AVERAGE(P6,W6,AD6) -> 0.14268926 | AF6: =M6-K6+T6-R6+AA6-Y6 -> 5.4308 | AG6: 88.64 | AH6: =((1-AE6)*AG6)+AF6 -> 81.422824 | AI6: =AH6/99 -> 0.82245277
A7: 6 | B7: DLG_F2_BD_A-2 | C7: 1205 | D7: 94.2 | E7: 234.14 | F7: 6 | G7: 198.45 | H7: =D7+G7 -> 292.65 | I7: =E7+G7 -> 432.59 | J7: 24 | K7: 24.6296 | L7: 27.1217 | M7: 26.6994 | N7: -7.14 | O7: 24.9 | P7: =(L7-M7)/(M7-K7) -> 0.20402937 | Q7: 28 | R7: 24.5559 | S7: 27.346 | T7: 26.5885 | U7: -0.46 | V7: 24.9 | W7: =(S7-T7)/(T7-R7) -> 0.37267539 | X7: 29 | Y7: 24.739 | Z7: 27.9536 | AA7: 27.0927 | AB7: -0.27 | AC7: 24.9 | AD7: =(Z7-AA7)/(AA7-Y7) -> 0.36576454 | AE7: =AVERAGE(P7,W7,AD7) -> 0.31415644 | AF7: =M7-K7+T7-R7+AA7-Y7 -> 6.4561 | AG7: 95.33 | AH7: =((1-AE7)*AG7)+AF7 -> 71.837567 | AI7: =AH7/99 -> 0.72563199
A8: 7 | B8: DLG_F3_BD_B-1 | C8: 1354 | D8: 95.5 | E8: 269.25 | F8: 5 | G8: 193.86 | H8: =D8+G8 -> 289.36 | I8: =E8+G8 -> 463.11 | J8: 24 | K8: 24.6279 | L8: 27.6024 | M8: 27.2796 | N8: -5.64 | O8: 24.9 | P8: =(L8-M8)/(M8-K8) -> 0.12173323 | Q8: 26 | R8: 24.9 | S8: 28.5951 | T8: 27.9743 | U8: -1.21 | V8: 24.9 | W8: =(S8-T8)/(T8-R8) -> 0.20193215 | X8: 28 | Y8: 24.5558 | Z8: 28.3029 | AA8: 27.6852 | AB8: -1.06 | AC8: 24.9 | AD8: =(Z8-AA8)/(AA8-Y8) -> 0.19738608 | AE8: =AVERAGE(P8,W8,AD8) -> 0.17368382 | AF8: =M8-K8+T8-R8+AA8-Y8 -> 8.8554 | AG8: 136.06 | AH8: =((1-AE8)*AG8)+AF8 -> 121.28398 | AI8: =AH8/99 -> 1.2250907
A9: 8 | B9: DLG_F1_BD_B-2 | C9: 1320 | D9: 94.9 | E9: 243.07 | F9: 4 | G9: 195.66 | H9: =D9+G9 -> 290.56 | I9: =E9+G9 -> 438.73 | J9: 29 | K9: 24.7392 | L9: 28.9908 | M9: 28.5052 | N9: -3.38 | O9: 24.9 | P9: =(L9-M9)/(M9-K9) -> 0.12894318 | Q9: 30 | R9: 24.7593 | S9: 30.1172 | T9: 29.1414 | U9: -3.38 | V9: 24.9 | W9: =(S9-T9)/(T9-R9) -> 0.22267862 | X9: 3 | Y9: 24.4958 | Z9: 29.6471 | AA9: 28.6181 | AB9: -2.15 | AC9: 24.9 | AD9: =(Z9-AA9)/(AA9-Y9) -> 0.24961793 | AE9: =AVERAGE(P9,W9,AD9) -> 0.20041324 | AF9: =M9-K9+T9-R9+AA9-Y9 -> 12.2704 | AG9: 100.95 | AH9: =((1-AE9)*AG9)+AF9 -> 92.988683 | AI9: =AH9/99 -> 0.93927963
A10: 9 | B10: DLG_F3_BD_A-3 | C10: 1266 | D10: 94.9 | E10: 235.67 | F10: 6 | G10: 198.45 | H10: =D10+G10 -> 293.35 | I10: =E10+G10 -> 434.12 | J10: 14 | K10: 23.537 | L10: 26.1436 | M10: 25.718 | N10: -5.76 | O10: 24.9 | P10: =(L10-M10)/(M10-K10) -> 0.19513984 | Q10: 16 | R10: 24.8749 | S10: 28.0196 | T10: 27.209 | U10: -1.09 | V10: 24.8 | W10: =(S10-T10)/(T10-R10) -> 0.34728589 | X10: 17 | Y10: 23.4931 | Z10: 26.1726 | AA10: 25.4784 | AB10: -1 | AC10: 24.8 | AD10: =(Z10-AA10)/(AA10-Y10) -> 0.34967008 | AE10: =AVERAGE(P10,W10,AD10) -> 0.29736527 | AF10: =M10-K10+T10-R10+AA10-Y10 -> 6.5004 | AG10: 96.17 | AH10: =((1-AE10)*AG10)+AF10 -> 74.072782 | AI10: =AH10/99 -> 0.74820992
A11: 10 | B11: DLG_F3_BD_B-2 | C11: 1482 | D11: 93.2 | E11: 260.03 | F11: 3 | G11: 194.82 | H11: =D11+G11 -> 288.02 | I11: =E11+G11 -> 454.85 | J11: 1 | K11: 24.3742 | L11: 28.2419 | M11: 27.8841 | N11: -8.44 | O11: 25 | P11: =(L11-M11)/(M11-K11) -> 0.10194023 | Q11: 2 | R11: 24.4257 | S11: 28.9309 | T11: 28.4634 | U11: -4.48 | V11: 25 | W11: =(S11-T11)/(T11-R11) -> 0.11578374 | X11: 21 | Y11: 24.2231 | Z11: 29.2964 | AA11: 28.6916 | AB11: -2.88 | AC11: 24.9 | AD11: =(Z11-AA11)/(AA11-Y11) -> 0.13534743 | AE11: =AVERAGE(P11,W11,AD11) -> 0.11769047 | AF11: =M11-K11+T11-R11+AA11-Y11 -> 12.0161 | AG11: 118.57 | AH11: =((1-AE11)*AG11)+AF11 -> 116.63154 | AI11: =AH11/99 -> 1.1780964
A12: 11 | B12: DLG_R1_BD_B-1 | C12: 1188 | D12: 94.3 | E12: 259.85 | F12: 1 | G12: 197.78 | H12: =D12+G12 -> 292.08 | I12: =E12+G12 -> 457.63 | J12: 10 | K12: 24.6026 | L12: 27.9404 | M12: 27.0403 | N12: -20.58 | O12: 24.8 | P12: =(L12-M12)/(M12-K12) -> 0.3692415 | Q12: 11 | R12: 24.6876 | S12: 27.6632 | T12: 27.3901 | U12: -2.64 | V12: 24.9 | W12: =(S12-T12)/(T12-R12) -> 0.10105458 | X12: 12 | Y12: 24.567 | Z12: 27.6632 | AA12: 27.1349 | AB12: -2.64 | AC12: 24.9 | AD12: =(Z12-AA12)/(AA12-Y12) -> 0.20573231 | AE12: =AVERAGE(P12,W12,AD12) -> 0.2253428 | AF12: =M12-K12+T12-R12+AA12-Y12 -> 7.7081 | AG12: 117.26 | AH12: =((1-AE12)*AG12)+AF12 -> 98.544404 | AI12: =AH12/99 -> 0.99539802
A13: 12 | B13: DLG_F2_BD_A-3 | C13: 1201 | D13: 93.5 | E13: 229.38 | F13: 2 | G13: 196.3 | H13: =D13+G13 -> 289.8 | I13: =E13+G13 -> 425.68 | J13: 20 | K13: 22.685 | L13: 23.661 | M13: 23.4741 | N13: -7.21 | O13: 25 | P13: =(L13-M13)/(M13-K13) -> 0.23685211 | T13: 3 | X13: 22 | Y13: 24.22311 | Z13: 27.0682 | AA13: 26.4442 | AB13: -0.66 | AC13: 24.9 | AD13: =(Z13-AA13)/(AA13-Y13) -> 0.28094314 | AE13: =AVERAGE(P13,W13,AD13) -> 0.25889763 | AF13: =M13-K13+T13-R13+AA13-Y13 -> 6.01019 | AG13: 91.79 | AH13: =((1-AE13)*AG13)+AF13 -> 74.035977 | AI13: =AH13/99 -> 0.74783815
A14: 13 | B14: DLG_F2_BD_A1 | C14: 1174 | D14: 93.9 | E14: 229.8 | F14: 6 | G14: 198.45 | H14: =D14+G14 -> 292.35 | I14: =E14+G14 -> 428.25 | J14: 12 | K14: 24.5678 | L14: 27.7305 | M14: 27.0566 | N14: -2.67 | O14: 24.9 | P14: =(L14-M14)/(M14-K14) -> 0.27077306 | Q14: 13 | R14: 23.4977 | S14: 25.985 | T14: 25.4784 | U14: -4.67 | V14: 24.9 | W14: =(S14-T14)/(T14-R14) -> 0.25576816 | X14: 15 | Y14: 23.408 | Z14: 24.9487 | AA14: 24.7961 | AB14: -36.21 | AC14: 25 | AD14: =(Z14-AA14)/(AA14-Y14) -> 0.10993444 | AE14: =AVERAGE(P14,W14,AD14) -> 0.21215856 | AF14: =M14-K14+T14-R14+AA14-Y14 -> 5.8576 | AG14: 82.13 | AH14: =((1-AE14)*AG14)+AF14 -> 70.563018 | AI14: =AH14/99 -> 0.71275776
A15: 14 | B15: DLG_R1_BD_B-2 | C15: 1347 | D15: 95.3 | E15: 272.98 | F15: 1 | G15: 197.78 | H15: =D15+G15 -> 293.08 | I15: =E15+G15 -> 470.76 | J15: 7 | K15: 24.707 | L15: 28.0548 | M15: 27.7568 | N15: -18.76 | O15: 24.9 | P15: =(L15-M15)/(M15-K15) -> 0.097711325 | Q15: 8 | R15: 24.7251 | S15: 28.4762 | T15: 27.9481 | U15: -5.6 | V15: 24.9 | W15: =(S15-T15)/(T15-R15) -> 0.16385355 | X15: 9 | Y15: 24.5376 | Z15: 28.5369 | AA15: 27.7573 | AB15: -5.1 | AC15: 24.9 | AD15: =(Z15-AA15)/(AA15-Y15) -> 0.24213436 | AE15: =AVERAGE(P15,W15,AD15) -> 0.16789975 | AF15: =M15-K15+T15-R15+AA15-Y15 -> 9.4925 | AG15: 125.23 | AH15: =((1-AE15)*AG15)+AF15 -> 113.69641 | AI15: =AH15/99 -> 1.1484486
A16: 15 | B16: DLG_R1_BD_A-3 | C16: 1316 | D16: 95.5 | E16: 235.81 | F16: 4 | G16: 195.66 | H16: =D16+G16 -> 291.16 | I16: =E16+G16 -> 431.47 | J16: 26 | K16: 24.7143 | L16: 27.8029 | M16: 27.1928 | N16: -4.3 | O16: 24.9 | P16: =(L16-M16)/(M16-K16) -> 0.24615695 | Q16: 28 | R16: 24.5563 | S16: 26.7249 | T16: 26.346 | U16: -6.48 | V16: 24.9 | W16: =(S16-T16)/(T16-R16) -> 0.21171146 | X16: 30 | Y16: 24.7599 | Z16: 26.4219 | AA16: 26.2925 | AB16: -68.38 | AC16: 24.9 | AD16: =(Z16-AA16)/(AA16-Y16) -> 0.084431685 | AE16: =AVERAGE(P16,W16,AD16) -> 0.1807667 | AF16: =M16-K16+T16-R16+AA16-Y16 -> 5.8008 | AG16: 85.9 | AH16: =((1-AE16)*AG16)+AF16 -> 76.172941 | AI16: =AH16/99 -> 0.76942364
A17: 16 | B17: DLG_F4_BD_A-1 | C17: 1483 | D17: 93.3 | E17: 228.1 | F17: 2 | G17: 196.3 | H17: =D17+G17 -> 289.6 | I17: =E17+G17 -> 424.4 | J17: 17 | K17: 23.4929 | L17: 25.4605 | M17: 25.0981 | N17: -1.14 | O17: 24.9 | P17: =(L17-M17)/(M17-K17) -> 0.22576626 | Q17: 20 | R17: 22.6851 | S17: 25.9082 | T17: 25.3435 | U17: -1.28 | V17: 24.9 | W17: =(S17-T17)/(T17-R17) -> 0.21242101 | X17: 22 | Y17: 24.5738 | Z17: 26.3807 | AA17: 26.3007 | AB17: -57.31 | AC17: 24.9 | AD17: =(Z17-AA17)/(AA17-Y17) -> 0.046325786 | AE17: =AVERAGE(P17,W17,AD17) -> 0.16150435 | AF17: =M17-K17+T17-R17+AA17-Y17 -> 5.9905 | AG17: 85.95 | AH17: =((1-AE17)*AG17)+AF17 -> 78.059201 | AI17: =AH17/99 -> 0.78847678
A18: 17 | B18: DLG_F4_BD_B-1 | C18: 0.000607 | D18: 96.96 | E18: 263.43 | F18: 5 | G18: 193.86 | H18: =D18+G18 -> 290.82 | I18: =E18+G18 -> 457.29 | J18: 23 | K18: 25.017 | L18: 27.6992 | M18: 27.5063 | N18: -9.37 | O18: 24.9 | P18: =(L18-M18)/(M18-K18) -> 0.077491664 | Q18: 24 | R18: 24.6281 | S18: 28.5437 | T18: 28.2628 | U18: -9.59 | V18: 24.9 | W18: =(S18-T18)/(T18-R18) -> 0.077282857 | X18: 25 | Y18: 25.0241 | Z18: 28.3835 | AA18: 28.2604 | AB18: -46.53 | AC18: 24.9 | AD18: =(Z18-AA18)/(AA18-Y18) -> 0.038037265 | AE18: =AVERAGE(P18,W18,AD18) -> 0.064270595 | AF18: =M18-K18+T18-R18+AA18-Y18 -> 9.3603 | AG18: 117.03 | AH18: =((1-AE18)*AG18)+AF18 -> 118.86871 | AI18: =AH18/99 -> 1.2006941
A19: 18 | B19: DLG_F2_BD_B-2 | C19: 1286 | D19: 94.5 | E19: 273.64 | F19: 3 | G19: 194.82 | H19: =D19+G19 -> 289.32 | I19: =E19+G19 -> 468.46 | J19: 3 | K19: 24.4963 | L19: 28.6881 | M19: 27.9957 | N19: -2.39 | O19: 24.9 | P19: =(L19-M19)/(M19-K19) -> 0.19786249 | Q19: 10 | R19: 24.6029 | S19: 30.0899 | T19: 29.2434 | U19: -4.04 | V19: 24.9 | W19: =(S19-T19)/(T19-R19) -> 0.18241569 | X19: 11 | Y19: 24.5678 | Z19: 27.7305 | AA19: 27.9642 | AB19: -2.67 | AC19: 24.9 | AD19: =(Z19-AA19)/(AA19-Y19) -> -0.06880815 | AE19: =AVERAGE(P19,W19) -> 0.19013909 | AF19: =M19-K19+T19-R19+AA19-Y19 -> 11.5363 | AG19: 135.39 | AH19: =((1-AE19)*AG19)+AF19 -> 121.18337 | AI19: =AH19/99 -> 1.2240744
A20: 19 | B20: DLG_F4_BD_B-2 | C20: 1494 | D20: 94.2 | E20: 265.92 | F20: 1 | G20: 197.78 | H20: =D20+G20 -> 291.98 | I20: =E20+G20 -> 463.7 | J20: 17 | K20: 23.4933 | L20: 25.2486 | M20: 25.692 | N20: -3.65 | O20: 24.9 | P20: =(L20-M20)/(M20-K20) -> -0.20166462 | Q20: 25 | R20: 25.0239 | S20: 27.4793 | T20: 27.297 | U20: -4.68 | V20: 24.9 | W20: =(S20-T20)/(T20-R20) -> 0.080198847 | X20: 10 | Y20: 24.6045 | Z20: 27.373 | AA20: 27.2836 | AB20: -60.02 | AC20: 24.9 | AD20: =(Z20-AA20)/(AA20-Y20) -> 0.033369415 | AE20: =AVERAGE(W20,AD20) -> 0.056784131 | AF20: =M20-K20+T20-R20+AA20-Y20 -> 7.1509 | AG20: 115.39 | AH20: =((1-AE20)*AG20)+AF20 -> 115.98858 | AI20: =AH20/99 -> 1.1716018
A21: 20 | B21: DLG_F2_BD_B-3 | C21: 1319 | D21: 93.8 | E21: 255.88 | F21: 6 | G21: 198.45 | H21: =D21+G21 -> 292.25 | I21: =E21+G21 -> 454.33 | J21: 11 | K21: 24.6885 | L21: 28.489 | M21: 27.8368 | N21: -3.68 | O21: 24.9 | P21: =(L21-M21)/(M21-K21) -> 0.20715942 | Q21: 30 | R21: 24.7596 | S21: 28.0511 | T21: 27.4333 | U21: -1.82 | V21: 24.9 | W21: =(S21-T21)/(T21-R21) -> 0.23106556 | X21: 3 | Y21: 24.4976 | Z21: 28.727 | AA21: 27.8125 | AB21: -0.55 | AC21: 24.9 | AD21: =(Z21-AA21)/(AA21-Y21) -> 0.27587559 | AE21: =AVERAGE(P21,W21,AD21) -> 0.23803353 | AF21: =M21-K21+T21-R21+AA21-Y21 -> 9.1369 | AG21: 114.53 | AH21: =((1-AE21)*AG21)+AF21 -> 96.40492 | AI21: =AH21/99 -> 0.97378707
A22: 21 | B22: DLG_F1_BD_B-1 | C22: 1483 | D22: 94.2 | E22: 259.92 | F22: 4 | G22: 195.66 | H22: =D22+G22 -> 289.86 | I22: =E22+G22 -> 455.58 | J22: 12 | K22: 24.568 | L22: 27.0649 | M22: 27.1968 | N22: -14.76 | O22: 24.8 | P22: =(L22-M22)/(M22-K22) -> -0.050174985 | Q22: 13 | R22: 23.4978 | S22: 26.7372 | T22: 26.3775 | U22: -8.12 | V22: 24.9 | W22: =(S22-T22)/(T22-R22) -> 0.12490884 | X22: 22 | Y22: 24.5748 | Z22: 29.0839 | AA22: 28.3433 | AB22: -2.39 | AC22: 24.9 | AD22: =(Z22-AA22)/(AA22-Y22) -> 0.19652382 | AE22: =AVERAGE(W22,AD22) -> 0.16071633 | AF22: =M22-K22+T22-R22+AA22-Y22 -> 9.277 | AG22: 122.51 | AH22: =((1-AE22)*AG22)+AF22 -> 112.09764 | AI22: =AH22/99 -> 1.1322994 | AJ22: I put the wrong ring weight in the HYPROP software change it in soil view analysis
A23: 22 | B23: DLG_F1_BD_B-3 | C23: 1290 | D23: 93.5 | E23: 264.48 | F23: 5 | G23: 193.86 | H23: =D23+G23 -> 287.36 | I23: =E23+G23 -> 458.34 | J23: 17 | K23: 23.4929 | L23: 27.5126 | M23: 26.917 | N23: -4 | O23: 249.9 | P23: =(L23-M23)/(M23-K23) -> 0.17394352 | Q23: 22 | R23: 24.22311 | S23: 29.7765 | T23: 29.1504 | U23: -8.17 | V23: 24.9 | W23: =(S23-T23)/(T23-R23) -> 0.12706782 | X23: 25 | Y23: 25.0241 | Z23: 29.6264 | AA23: 28.9689 | AB23: -4.25 | AC23: 24.9 | AD23: =(Z23-AA23)/(AA23-Y23) -> 0.16667512 | AE23: =AVERAGE(P23,W23,AD23) -> 0.15589548 | AF23: =M23-K23+T23-R23+AA23-Y23 -> 12.29619 | AG23: 119.2 | AH23: =((1-AE23)*AG23)+AF23 -> 112.91345 | AI23: =AH23/99 -> 1.1405399
A24: 23 | B24: DLG_R2_BD_A-3 | C24: 1194 | D24: 93.7 | E24: 236.12 | F24: 3 | G24: 194.82 | H24: =D24+G24 -> 288.52 | I24: =E24+G24 -> 430.94 | J24: 3 | K24: 24.4968 | L24: 28.2484 | M24: 27.6636 | N24: -6.64 | O24: 24.9 | P24: =(L24-M24)/(M24-K24) -> 0.18466591 | Q24: 10 | R24: 24.6032 | S24: 28.6303 | T24: 27.7351 | U24: -1.2 | V24: 24.9 | W24: =(S24-T24)/(T24-R24) -> 0.28583288 | X24: 11 | Y24: 24.6877 | Z24: 28.347 | AA24: 27.5433 | AB24: -1.25 | AC24: 24.9 | AD24: =(Z24-AA24)/(AA24-Y24) -> 0.28144698 | AE24: =AVERAGE(P24,W24,AD24) -> 0.25064859 | AF24: =M24-K24+T24-R24+AA24-Y24 -> 9.1543 | AG24: 97.61 | AH24: =((1-AE24)*AG24)+AF24 -> 82.298491 | AI24: =AH24/99 -> 0.83129789
A25: 24 | B25: DLG_R2_BD_B-2 | C25: 603 | D25: 96.34 | E25: 256.1 | F25: 2 | G25: 196.3 | H25: =D25+G25 -> 292.64 | I25: =E25+G25 -> 452.4 | J25: 1 | K25: 24.3743 | L25: 28.7193 | M25: 28.1618 | N25: -6.18 | O25: 24.9 | P25: =(L25-M25)/(M25-K25) -> 0.14719472 | Q25: 21 | R25: 24.2232 | S25: 29.112 | T25: 28.2161 | U25: -1.26 | V25: 25 | W25: =(S25-T25)/(T25-R25) -> 0.22437326 | X25: 28 | Y25: 24.5564 | Z25: 29.42 | AA25: 28.4133 | AB25: -0.34 | AC25: 24.9 | AD25: =(Z25-AA25)/(AA25-Y25) -> 0.26101273 | AE25: =AVERAGE(P25,W25,AD25) -> 0.21086024 | AF25: =M25-K25+T25-R25+AA25-Y25 -> 11.6373 | AG25: 114.11 | AH25: =((1-AE25)*AG25)+AF25 -> 101.68604 | AI25: =AH25/99 -> 1.0271317
A26: 25 | B26: DLG_F1_BD_A-1 | C26: 631 | D26: 98.6 | E26: 253.67 | F26: 1 | G26: 197.78 | H26: =D26+G26 -> 296.38 | I26: =E26+G26 -> 451.45 | J26: 2 | K26: 24.4251 | L26: 28.1222 | M26: 27.3324 | N26: -1.85 | O26: 24.8 | P26: =(L26-M26)/(M26-K26) -> 0.27166099 | Q26: 3 | R26: 24.497 | S26: 29.5824 | T26: 28.4315 | U26: -0.44 | V26: 24.9 | W26: =(S26-T26)/(T26-R26) -> 0.29251493 | X26: 22 | Y26: 24.5741 | Z26: 29.909 | AA26: 28.624 | AB26: 0.8 | AC26: 24.9 | AD26: =(Z26-AA26)/(AA26-Y26) -> 0.31729178 | AE26: =AVERAGE(P26,W26,AD26) -> 0.29382257 | AF26: =M26-K26+T26-R26+AA26-Y26 -> 10.8917 | AG26: 112 | AH26: =((1-AE26)*AG26)+AF26 -> 89.983572 | AI26: =AH26/99 -> 0.90892497
A27: 26 | B27: DLG_F2_BD_B-1 | C27: 1182 | D27: 93.8 | E27: 265.52 | F27: 4 | G27: 195.66 | H27: =D27+G27 -> 289.46 | I27: =E27+G27 -> 461.18 | J27: 17 | K27: 23.4959 | L27: 28.4366 | M27: 27.8458 | N27: -10.58 | O27: 24.8 | P27: =(L27-M27)/(M27-K27) -> 0.13581921 | Q27: 25 | R27: 25.0255 | S27: 30.0255 | T27: 29.2925 | U27: -3.96 | V27: 24.9 | W27: =(S27-T27)/(T27-R27) -> 0.17178345 | X27: 30 | Y27: 22.6852 | Z27: 28.4468 | AA27: 27.5272 | AB27: -3.07 | AC27: 24.8 | AD27: =(Z27-AA27)/(AA27-Y27) -> 0.18992152 | AE27: =AVERAGE(P27,W27,AD27) -> 0.1658414 | AF27: =M27-K27+T27-R27+AA27-Y27 -> 13.4589 | AG27: 127.79 | AH27: =((1-AE27)*AG27)+AF27 -> 120.05603 | AI27: =AH27/99 -> 1.2126872
A28: 27 | B28: DLG_F3_BD_A-2 | C28: 1326 | D28: 93.3 | E28: 240.87 | F28: 3 | G28: 194.82 | H28: =D28+G28 -> 288.12 | I28: =E28+G28 -> 435.69 | J28: 7 | K28: 24.707 | L28: 29.4974 | M28: 28.8618 | N28: -3.73 | O28: 24.9 | P28: =(L28-M28)/(M28-K28) -> 0.15297969 | Q28: 8 | R28: 24.7252 | S28: 28.4116 | T28: 28.0098 | U28: -8.87 | V28: 24.9 | W28: =(S28-T28)/(T28-R28) -> 0.12232844 | X28: 9 | Y28: 24.5374 | Z28: 26.4751 | AA28: 26.3442 | AB28: -83.07 | AC28: 24.9 | AD28: =(Z28-AA28)/(AA28-Y28) -> 0.072448528 | AE28: =AVERAGE(P28,W28,AD28) -> 0.11591889 | AF28: =M28-K28+T28-R28+AA28-Y28 -> 9.2462 | AG28: 81.97 | AH28: =((1-AE28)*AG28)+AF28 -> 81.714329 | AI28: =AH28/99 -> 0.82539726
A29: 28 | B29: DLG_F4_BD_A-3 | C29: 1291 | D29: 93.3 | E29: 234.48 | F29: 2 | G29: 196.3 | H29: =D29+G29 -> 289.6 | I29: =E29+G29 -> 430.78 | J29: 13 | K29: 23.4973 | L29: 28.0116 | M29: 27.7558 | N29: -160.62 | O29: 24.9 | P29: =(L29-M29)/(M29-K29) -> 0.060068099 | Q29: 14 | R29: 23.5361 | S29: 27.1043 | T29: 26.7387 | U29: -6.12 | V29: 24.9 | W29: =(S29-T29)/(T29-R29) -> 0.11415725 | X29: 17 | Y29: 23.4951 | Z29: 25.9586 | AA29: 26.5768 | AB29: -3.98 | AC29: 24.9 | AD29: =(Z29-AA29)/(AA29-Y29) -> -0.20060356 | AE29: =AVERAGE(P29,W29) -> 0.087112673 | AF29: =M29-K29+T29-R29+AA29-Y29 -> 10.5428 | AG29: 82.65 | AH29: =((1-AE29)*AG29)+AF29 -> 85.992938 | AI29: =AH29/99 -> 0.86861553
A30: 29 | B30: DLG_R2_BD_A-2 | C30: 1217 | D30: 95.3 | E30: 240.53 | F30: 5 | G30: 193.86 | H30: =D30+G30 -> 289.16 | I30: =E30+G30 -> 434.39 | J30: 20 | K30: 22.6861 | L30: 26.6368 | M30: 26.525 | N30: -169.65 | O30: 24.9 | P30: =(L30-M30)/(M30-K30) -> 0.029122926 | Q30: 24 | R30: 24.6293 | S30: 28.3581 | T30: 28.2121 | U30: -151.19 | V30: 24.9 | W30: =(S30-T30)/(T30-R30) -> 0.040750251 | X30: 29 | Y30: 24.7427 | Z30: 28.1337 | AA30: 27.9716 | AB30: -109.28 | AC30: 24.9 | AD30: =(Z30-AA30)/(AA30-Y30) -> 0.050202855 | AE30: =AVERAGE(P30,W30,AD30) -> 0.040025344 | AF30: =M30-K30+T30-R30+AA30-Y30 -> 10.6506 | AG30: 80.06 | AH30: =((1-AE30)*AG30)+AF30 -> 87.506171 | AI30: =AH30/99 -> 0.88390072
A31: 30 | B31: DLG_R1_BD_B-3 | C31: 626 | D31: 98.44 | E31: 243.98 | F31: 6 | G31: 198.45 | H31: =D31+G31 -> 296.89 | I31: =E31+G31 -> 442.43 | J31: 1 | K31: 24.3748 | L31: 29.2969 | M31: 28.6599 | N31: -12.18 | O31: 24.9 | P31: =(L31-M31)/(M31-K31) -> 0.14865464 | Q31: 24 | R31: 24.6279 | S31: 30.8908 | T31: 29.7505 | U31: -2.74 | V31: 24.9 | W31: =(S31-T31)/(T31-R31) -> 0.2226018 | X31: 29 | Y31: 24.7399 | Z31: 29.9865 | AA31: 28.9284 | AB31: -0.78 | AC31: 24.9 | AD31: =(Z31-AA31)/(AA31-Y31) -> 0.25262027 | AE31: =AVERAGE(P31,W31,AD31) -> 0.2079589 | AF31: =M31-K31+T31-R31+AA31-Y31 -> 13.5962 | AG31: 82.05 | AH31: =((1-AE31)*AG31)+AF31 -> 78.583172 | AI31: =AH31/99 -> 0.79376941
A32: 31 | B32: DLG_R2_BD_B-3 | C32: 1381 | D32: 92.8 | E32: 247.93 | F32: 1 | G32: 197.78 | H32: =D32+G32 -> 290.58 | I32: =E32+G32 -> 445.71 | J32: 3 | K32: 24.4974 | L32: 29.3858 | M32: 28.918 | N32: -11.29 | O32: 24.9 | P32: =(L32-M32)/(M32-K32) -> 0.10582274 | Q32: 17 | R32: 23.4947 | S32: 28.255 | T32: 27.338 | U32: -0.25 | V32: 24.9 | W32: =(S32-T32)/(T32-R32) -> 0.23859704 | X32: 20 | Y32: 22.6868 | Z32: 27.287 | AA32: 26.4116 | AB32: 0.1 | AC32: 24.9 | AD32: =(Z32-AA32)/(AA32-Y32) -> 0.23501933 | AE32: =AVERAGE(P32,W32,AD32) -> 0.19314637 | AF32: =M32-K32+T32-R32+AA32-Y32 -> 11.9887 | AG32: 109.23 | AH32: =((1-AE32)*AG32)+AF32 -> 100.12132 | AI32: =AH32/99 -> 1.0113265
A33: 32 | B33: DLG_F4_BD_A-2 | C33: 1323 | D33: 96 | E33: 185.67 | F33: 4 | G33: 195.66 | H33: =D33+G33 -> 291.66 | I33: =E33+G33 -> 381.33 | J33: 7 | K33: 24.7071 | L33: 26.991 | M33: 26.8731 | N33: -86.03 | O33: 24.9 | P33: =(L33-M33)/(M33-K33) -> 0.054432133 | Q33: 8 | R33: 24.7262 | S33: 28.3283 | T33: 28.0223 | U33: -12.5 | V33: 24.9 | W33: =(S33-T33)/(T33-R33) -> 0.092836989 | X33: 13 | Y33: 23.4975 | Z33: 27.1952 | AA33: 26.7368 | AB33: -2.89 | AC33: 24.9 | AD33: =(Z33-AA33)/(AA33-Y33) -> 0.14151206 | AE33: =AVERAGE(P33,W33,AD33) -> 0.096260392 | AF33: =M33-K33+T33-R33+AA33-Y33 -> 8.7014 | AG33: 80.17 | AH33: =((1-AE33)*AG33)+AF33 -> 81.154204 | AI33: =AH33/99 -> 0.81973944
A34: 33 | B34: DLG_R1_BD_A-2 | C34: 1495 | D34: 95.1 | E34: 245.49 | F34: 3 | G34: 194.82 | H34: =D34+G34 -> 289.92 | I34: =E34+G34 -> 440.31 | J34: 7 | K34: 24.7082 | L34: 27.0143 | M34: 26.7537 | N34: -33.05 | O34: 24.9 | P34: =(L34-M34)/(M34-K34) -> 0.12740161 | Q34: 8 | R34: 24.7275 | S34: 28.519 | T34: 27.7842 | U34: -3.4 | V34: 24.9 | W34: =(S34-T34)/(T34-R34) -> 0.24038996 | X34: 9 | Y34: 24.5385 | Z34: 28.5386 | AA34: 27.823 | AB34: -4.46 | AC34: 24.9 | AD34: =(Z34-AA34)/(AA34-Y34) -> 0.21787182 | AE34: =AVERAGE(P34,W34,AD34) -> 0.19522113 | AF34: =M34-K34+T34-R34+AA34-Y34 -> 8.3867 | AG34: 88.65 | AH34: =((1-AE34)*AG34)+AF34 -> 79.730347 | AI34: =AH34/99 -> 0.80535704
A35: 34 | B35: DLG_F3_BD_B-3 | C35: 1418 | D35: 94 | E35: 283.31 | F35: 5 | G35: 193.86 | H35: =D35+G35 -> 287.86 | I35: =E35+G35 -> 477.17 | J35: 17 | K35: 23.4948 | L35: 27.4512 | M35: 27.2759 | N35: -60.27 | O35: 24.9 | P35: =(L35-M35)/(M35-K35) -> 0.04636217 | Q35: 24 | R35: 24.6296 | S35: 29.8047 | T35: 29.3675 | U35: -10.1 | V35: 24.9 | W35: =(S35-T35)/(T35-R35) -> 0.092277169 | X35: 29 | Y35: 24.7411 | Z35: 29.6341 | AA35: 29.101 | AB35: -3.69 | AC35: 24.9 | AD35: =(Z35-AA35)/(AA35-Y35) -> 0.12227345 | AE35: =AVERAGE(P35,W35,AD35) -> 0.086970929 | AF35: =M35-K35+T35-R35+AA35-Y35 -> 12.8789 | AG35: 144.9 | AH35: =((1-AE35)*AG35)+AF35 -> 145.17681 | AI35: =AH35/99 -> 1.4664324
A36: 35 | B36: DLG_R2_BD_A-1 | C36: 12019 | D36: 205.1 | E36: 586.42 | F36: 7 | G36: 0 | H36: =D36+G36 -> 205.1 | I36: =E36+G36 -> 586.42 | J36: 12 | K36: 24.5673 | L36: 27.7281 | M36: 27.5011 | N36: -55.04 | O36: 24.9 | P36: =(L36-M36)/(M36-K36) -> 0.077374054 | Q36: 13 | R36: 23.498 | S36: 27.8018 | T36: 27.1619 | U36: -4.95 | V36: 24.9 | W36: =(S36-T36)/(T36-R36) -> 0.17464996 | X36: 14 | Y36: 23.5377 | Z36: 28.8082 | AA36: 28.0321 | AB36: -4.15 | AC36: 24.9 | AD36: =(Z36-AA36)/(AA36-Y36) -> 0.17268156 | AE36: =AVERAGE(P36,W36,AD36) -> 0.14156853 | AF36: =M36-K36+T36-R36+AA36-Y36 -> 11.0921 | AG36: 255.23 | AH36: =((1-AE36)*AG36)+AF36 -> 230.18957 | AI36: =AH36/250 -> 0.92075826
A37: 36 | B37: DLG_R1_BD_A-1 | C37: 6651 | D37: 195 | E37: 534.94 | F37: 8 | G37: 0 | H37: =D37+G37 -> 195 | I37: =E37+G37 -> 534.94 | J37: 15 | K37: 23.4082 | L37: 24.5422 | M37: 24.4006 | N37: -93.97 | O37: 24.8 | P37: =(L37-M37)/(M37-K37) -> 0.1426844 | Q37: 16 | R37: 24.8749 | S37: 27.9112 | T37: 27.4963 | U37: -13.29 | V37: 24.8 | W37: =(S37-T37)/(T37-R37) -> 0.1582742 | X37: 17 | Y37: 23.4962 | Z37: 26.8067 | AA37: 26.4023 | AB37: -11.36 | AC37: 25 | AD37: =(Z37-AA37)/(AA37-Y37) -> 0.13915557 | AE37: =AVERAGE(P37,W37,AD37) -> 0.14670473 | AF37: =M37-K37+T37-R37+AA37-Y37 -> 6.5199 | AG37: 205.88 | AH37: =((1-AE37)*AG37)+AF37 -> 182.19633 | AI37: =AH37/250 -> 0.72878532

Sheet Linear extensibility 
A1: order | B1: Label ID | C1: Caliper MEASUREMENT 1 (cm) | D1: Caliper MEASUREMENT 2 (cm) | E1: Caliper MEASUREMENT 3 (cm) | F1: Caliper MEASUREMENT Ave (cm) | G1: Kopeky ring height (cm) | H1: Length wet - length dry (cm) | I1: Tin tare for excess soil top and bottom from kopekey rings post saturation(g) | J1: Excess Soil post saturation (top bottom) wet plus tin (g) | K1: Excess Soil post saturation(top bottom) oven dry plus tin (g) | L1: water in soil (g) | M1: dry mass soil (g) | N1: Dry mass from soil from 1st BD measurement (g) | O1: 1st (wet) bulk density (g/cm3) | P1: 2nd (dry) bulk density (g/cm3) | Q1: COLE from length (cm/cm) | R1: COLE from density (cm/cm) | S1: COLE = Coefficent of Linear Extensibility
A2: 1 | B2: DLG_F4_BD_B-3 | C2: 5.1 | D2: 5.1 | E2: 5.1 | F2: =AVERAGE(C2,D2,E2) -> 5.1 | G2: 5.1 | H2: =F2-G2 -> 0 | I2: 2.1 | J2: 2.1 | K2: 2.1 | L2: =J2-K2 -> 0 | M2: =K2-I2 -> 0 | N2: ='Hyprop and Ksat'!AH2 -> 114.9094 | O2: ='Hyprop and Ksat'!AI2 -> 1.160701 | P2: =(N2+M2)/99 -> 1.160701 | Q2: =H2/F2 -> 0 | R2: =(P2-O2)/(O2*P2) -> 0
A3: 2 | B3: DLG_R2_BD_B-1 | C3: 5.7 | D3: 5.5 | E3: 5.7 | F3: =AVERAGE(C3,D3,E3) -> 5.6333333 | G3: 5.1 | H3: =F3-G3 -> 0.53333333 | I3: 2.07 | J3: 12.01 | K3: 9.03 | L3: =J3-K3 -> 2.98 | M3: =K3-I3 -> 6.96 | N3: ='Hyprop and Ksat'!AH3 -> 113.20263 | O3: ='Hyprop and Ksat'!AI3 -> 1.1434609 | P3: =(N3+M3)/99 -> 1.2137639 | Q3: =H3/F3 -> 0.094674556 | R3: =(P3-O3)/(O3*P3) -> 0.050654553
A4: 3 | B4: DLG_F1_BD_A-2 | C4: 5.7 | D4: 5.7 | E4: 5.5 | F4: =AVERAGE(C4,D4,E4) -> 5.6333333 | G4: 5.1 | H4: =F4-G4 -> 0.53333333 | I4: 2.13 | J4: 14.38 | K4: 9.3 | L4: =J4-K4 -> 5.08 | M4: =K4-I4 -> 7.17 | N4: ='Hyprop and Ksat'!AH4 -> 72.83365 | O4: ='Hyprop and Ksat'!AI4 -> 0.73569343 | P4: =(N4+M4)/99 -> 0.80811768 | Q4: =H4/F4 -> 0.094674556 | R4: =(P4-O4)/(O4*P4) -> 0.12181828
A5: 4 | B5: DLG_F1_BD_A-3 | C5: 6 | D5: 5.35 | E5: 5.6 | F5: =AVERAGE(C5,D5,E5) -> 5.65 | G5: 5.1 | H5: =F5-G5 -> 0.55 | I5: 2.1 | J5: 14.64 | K5: 8.1 | L5: =J5-K5 -> 6.54 | M5: =K5-I5 -> 6 | N5: ='Hyprop and Ksat'!AH5 -> 75.050116 | O5: ='Hyprop and Ksat'!AI5 -> 0.75808198 | P5: =(N5+M5)/99 -> 0.81868804 | Q5: =H5/F5 -> 0.097345133 | R5: =(P5-O5)/(O5*P5) -> 0.097652066
A6: 5 | B6: DLG_F3_BD_A-1 | C6: 5.3 | D6: 5.4 | E6: 5.4 | F6: =AVERAGE(C6,D6,E6) -> 5.3666667 | G6: 5.1 | H6: =F6-G6 -> 0.26666667 | I6: 2.11 | J6: 13.21 | K6: 7.04 | L6: =J6-K6 -> 6.17 | M6: =K6-I6 -> 4.93 | N6: ='Hyprop and Ksat'!AH6 -> 81.422824 | O6: ='Hyprop and Ksat'!AI6 -> 0.82245277 | P6: =(N6+M6)/99 -> 0.87225075 | Q6: =H6/F6 -> 0.049689441 | R6: =(P6-O6)/(O6*P6) -> 0.069415971
A7: 6 | B7: DLG_F2_BD_A-2 | C7: 5.6 | D7: 5.5 | E7: 5.6 | F7: =AVERAGE(C7,D7,E7) -> 5.5666667 | G7: 5.1 | H7: =F7-G7 -> 0.46666667 | I7: 2.14 | J7: 13.28 | K7: 6.84 | L7: =J7-K7 -> 6.44 | M7: =K7-I7 -> 4.7 | N7: ='Hyprop and Ksat'!AH7 -> 71.837567 | O7: ='Hyprop and Ksat'!AI7 -> 0.72563199 | P7: =(N7+M7)/99 -> 0.77310674 | Q7: =H7/F7 -> 0.083832335 | R7: =(P7-O7)/(O7*P7) -> 0.084626579
A8: 7 | B8: DLG_F3_BD_B-1 | C8: 5.5 | D8: 5.4 | E8: 5.4 | F8: =AVERAGE(C8,D8,E8) -> 5.4333333 | G8: 5.1 | H8: =F8-G8 -> 0.33333333 | I8: 1.27 | J8: 8.26 | K8: 5.8887 | L8: =J8-K8 -> 2.3713 | M8: =K8-I8 -> 4.6187 | N8: ='Hyprop and Ksat'!AH8 -> 121.28398 | O8: ='Hyprop and Ksat'!AI8 -> 1.2250907 | P8: =(N8+M8)/99 -> 1.2717442 | Q8: =H8/F8 -> 0.061349693 | R8: =(P8-O8)/(O8*P8) -> 0.029944463
A9: 8 | B9: DLG_F1_BD_B-2 | C9: 5.7 | D9: 5.5 | E9: 5.7 | F9: =AVERAGE(C9,D9,E9) -> 5.6333333 | G9: 5.1 | H9: =F9-G9 -> 0.53333333 | I9: 1.28 | J9: 6.84 | K9: 4.7239 | L9: =J9-K9 -> 2.1161 | M9: =K9-I9 -> 3.4439 | N9: ='Hyprop and Ksat'!AH9 -> 92.988683 | O9: ='Hyprop and Ksat'!AI9 -> 0.93927963 | P9: =(N9+M9)/99 -> 0.9740665 | Q9: =H9/F9 -> 0.094674556 | R9: =(P9-O9)/(O9*P9) -> 0.038021726
A10: 9 | B10: DLG_F3_BD_A-3 | C10: 5.6 | D10: 5.45 | E10: 5.3 | F10: =AVERAGE(C10,D10,E10) -> 5.45 | G10: 5.1 | H10: =F10-G10 -> 0.35 | I10: 2.1 | J10: 5.36 | K10: 4.0068 | L10: =J10-K10 -> 1.3532 | M10: =K10-I10 -> 1.9068 | N10: ='Hyprop and Ksat'!AH10 -> 74.072782 | O10: ='Hyprop and Ksat'!AI10 -> 0.74820992 | P10: =(N10+M10)/99 -> 0.76747052 | Q10: =H10/F10 -> 0.064220183 | R10: =(P10-O10)/(O10*P10) -> 0.033541678
A11: 10 | B11: DLG_F3_BD_B-2 | C11: 5.4 | D11: 5.1 | E11: 5.1 | F11: =AVERAGE(C11,D11,E11) -> 5.2 | G11: 5.1 | H11: =F11-G11 -> 0.1 | I11: 1.2996 | J11: 5.2154 | K11: 3.8615 | L11: =J11-K11 -> 1.3539 | M11: =K11-I11 -> 2.5619 | N11: ='Hyprop and Ksat'!AH11 -> 116.63154 | O11: ='Hyprop and Ksat'!AI11 -> 1.1780964 | P11: =(N11+M11)/99 -> 1.2039742 | Q11: =H11/F11 -> 0.019230769 | R11: =(P11-O11)/(O11*P11) -> 0.018244375
A12: 11 | B12: DLG_R1_BD_B-1 | C12: 5.5 | D12: 5.45 | E12: 5.4 | F12: =AVERAGE(C12,D12,E12) -> 5.45 | G12: 5.1 | H12: =F12-G12 -> 0.35 | I12: 2.12 | J12: 11.31 | K12: 8.0654 | L12: =J12-K12 -> 3.2446 | M12: =K12-I12 -> 5.9454 | N12: ='Hyprop and Ksat'!AH12 -> 98.544404 | O12: ='Hyprop and Ksat'!AI12 -> 0.99539802 | P12: =(N12+M12)/99 -> 1.0554526 | Q12: =H12/F12 -> 0.064220183 | R12: =(P12-O12)/(O12*P12) -> 0.057162392
A13: 12 | B13: DLG_F2_BD_A-3 | C13: 5.6 | D13: 5.55 | E13: 5.5 | F13: =AVERAGE(C13,D13,E13) -> 5.55 | G13: 5.1 | H13: =F13-G13 -> 0.45 | I13: 2.08 | J13: 16.57 | K13: 9.4077 | L13: =J13-K13 -> 7.1623 | M13: =K13-I13 -> 7.3277 | N13: ='Hyprop and Ksat'!AH13 -> 74.035977 | O13: ='Hyprop and Ksat'!AI13 -> 0.74783815 | P13: =(N13+M13)/99 -> 0.82185532 | Q13: =H13/F13 -> 0.081081081 | R13: =(P13-O13)/(O13*P13) -> 0.12042856
... A35: 34 | B35: DLG_F3_BD_B-3 | C35: 5.5 | D35: 5.3 | E35: 5.5 | F35: =AVERAGE(C35,D35,E35) -> 5.4333333 | G35: 5.1 | H35: =F35-G35 -> 0.33333333 | I35: 1.28 | J35: 4.33 | K35: 3.2518 | L35: =J35-K35 -> 1.0782 | M35: =K35-I35 -> 1.9718 | N35: ='Hyprop and Ksat'!AH35 -> 145.17681 | O35: ='Hyprop and Ksat'!AI35 -> 1.4664324 | P35: =(N35+M35)/99 -> 1.4863496 | Q35: =H35/F35 -> 0.061349693 | R35: =(P35-O35)/(O35*P35) -> 0.0091378627
A36: 35 | B36: DLG_R2_BD_A-1 | C36: 5.5 | D36: 5.6 | E36: 5.6 | F36: =AVERAGE(C36,D36,E36) -> 5.5666667 | G36: 5.1 | H36: =F36-G36 -> 0.46666667 | I36: 1.7 | J36: 13.24 | K36: 7.4773 | L36: =J36-K36 -> 5.7627 | M36: =K36-I36 -> 5.7773 | N36: ='Hyprop and Ksat'!AH36 -> 230.18957 | O36: ='Hyprop and Ksat'!AI36 -> 0.92075826 | P36: =(N36+M36)/250 -> 0.94386746 | Q36: =H36/F36 -> 0.083832335 | R36: =(P36-O36)/(O36*P36) -> 0.026590608
A37: 36 | B37: DLG_R1_BD_A-1 | C37: 5.4 | D37: 5.3 | E37: 5.3 | F37: =AVERAGE(C37,D37,E37) -> 5.3333333 | G37: 5.1 | H37: =F37-G37 -> 0.23333333 | I37: 1.64 | J37: 3.54 | K37: 2.4731 | L37: =J37-K37 -> 1.0669 | M37: =K37-I37 -> 0.8331 | N37: ='Hyprop and Ksat'!AH37 -> 182.19633 | O37: ='Hyprop and Ksat'!AI37 -> 0.72878532 | P37: =(N37+M37)/250 -> 0.73211772 | Q37: =H37/F37 -> 0.04375 | R37: =(P37-O37)/(O37*P37) -> 0.0062456348
